--
-- PostgreSQL database dump
--

SET statement_timeout = 0;
SET client_encoding = 'UTF8';
SET standard_conforming_strings = on;
SET check_function_bodies = false;
SET client_min_messages = warning;

--
-- Name: plpgsql; Type: EXTENSION; Schema: -; Owner: 
--

CREATE EXTENSION IF NOT EXISTS plpgsql WITH SCHEMA pg_catalog;


--
-- Name: EXTENSION plpgsql; Type: COMMENT; Schema: -; Owner: 
--

COMMENT ON EXTENSION plpgsql IS 'PL/pgSQL procedural language';


SET search_path = public, pg_catalog;

SET default_tablespace = '';

SET default_with_oids = false;

--
-- Name: hashtag; Type: TABLE; Schema: public; Owner: paw; Tablespace: 
--

CREATE TABLE hashtag (
    id integer NOT NULL,
    first_tweet integer NOT NULL,
    tag_name character varying(140) NOT NULL
);


ALTER TABLE public.hashtag OWNER TO paw;

--
-- Name: hashtag_id_seq; Type: SEQUENCE; Schema: public; Owner: paw
--

CREATE SEQUENCE hashtag_id_seq
    START WITH 1
    INCREMENT BY 1
    NO MINVALUE
    NO MAXVALUE
    CACHE 1;


ALTER TABLE public.hashtag_id_seq OWNER TO paw;

--
-- Name: hashtag_id_seq; Type: SEQUENCE OWNED BY; Schema: public; Owner: paw
--

ALTER SEQUENCE hashtag_id_seq OWNED BY hashtag.id;


--
-- Name: hashtag_tweet; Type: TABLE; Schema: public; Owner: paw; Tablespace: 
--

CREATE TABLE hashtag_tweet (
    hashtag_id integer NOT NULL,
    tweet_id integer NOT NULL
);


ALTER TABLE public.hashtag_tweet OWNER TO paw;

--
-- Name: short_url; Type: TABLE; Schema: public; Owner: paw; Tablespace: 
--

CREATE TABLE short_url (
    base character varying(10) NOT NULL,
    resol character varying(100) NOT NULL
);


ALTER TABLE public.short_url OWNER TO paw;

--
-- Name: twat_user; Type: TABLE; Schema: public; Owner: paw; Tablespace: 
--

CREATE TABLE twat_user (
    id integer NOT NULL,
    name character varying(50) NOT NULL,
    username character varying(50) NOT NULL,
    password character varying(50) NOT NULL,
    surname character varying(50) NOT NULL,
    description character varying(256),
    enabled boolean NOT NULL,
    created_time timestamp without time zone DEFAULT now(),
    secret_question character varying(100) NOT NULL,
    secret_answer character varying(100) NOT NULL,
    photo bytea
);


ALTER TABLE public.twat_user OWNER TO paw;

--
-- Name: twat_user_id_seq; Type: SEQUENCE; Schema: public; Owner: paw
--

CREATE SEQUENCE twat_user_id_seq
    START WITH 1
    INCREMENT BY 1
    NO MINVALUE
    NO MAXVALUE
    CACHE 1;


ALTER TABLE public.twat_user_id_seq OWNER TO paw;

--
-- Name: twat_user_id_seq; Type: SEQUENCE OWNED BY; Schema: public; Owner: paw
--

ALTER SEQUENCE twat_user_id_seq OWNED BY twat_user.id;


--
-- Name: tweet; Type: TABLE; Schema: public; Owner: paw; Tablespace: 
--

CREATE TABLE tweet (
    id integer NOT NULL,
    user_id integer NOT NULL,
    message character varying(141) NOT NULL,
    created_time timestamp without time zone DEFAULT now(),
    deleted boolean NOT NULL
);


ALTER TABLE public.tweet OWNER TO paw;

--
-- Name: tweet_id_seq; Type: SEQUENCE; Schema: public; Owner: paw
--

CREATE SEQUENCE tweet_id_seq
    START WITH 1
    INCREMENT BY 1
    NO MINVALUE
    NO MAXVALUE
    CACHE 1;


ALTER TABLE public.tweet_id_seq OWNER TO paw;

--
-- Name: tweet_id_seq; Type: SEQUENCE OWNED BY; Schema: public; Owner: paw
--

ALTER SEQUENCE tweet_id_seq OWNED BY tweet.id;


--
-- Name: id; Type: DEFAULT; Schema: public; Owner: paw
--

ALTER TABLE ONLY hashtag ALTER COLUMN id SET DEFAULT nextval('hashtag_id_seq'::regclass);


--
-- Name: id; Type: DEFAULT; Schema: public; Owner: paw
--

ALTER TABLE ONLY twat_user ALTER COLUMN id SET DEFAULT nextval('twat_user_id_seq'::regclass);


--
-- Name: id; Type: DEFAULT; Schema: public; Owner: paw
--

ALTER TABLE ONLY tweet ALTER COLUMN id SET DEFAULT nextval('tweet_id_seq'::regclass);


--
-- Data for Name: hashtag; Type: TABLE DATA; Schema: public; Owner: paw
--

COPY hashtag (id, first_tweet, tag_name) FROM stdin;
1	1	test
4	6	hola
5	8	changos
6	9	mati
\.


--
-- Name: hashtag_id_seq; Type: SEQUENCE SET; Schema: public; Owner: paw
--

SELECT pg_catalog.setval('hashtag_id_seq', 6, true);


--
-- Data for Name: hashtag_tweet; Type: TABLE DATA; Schema: public; Owner: paw
--

COPY hashtag_tweet (hashtag_id, tweet_id) FROM stdin;
1	1
1	2
1	3
4	6
1	7
5	8
1	9
4	9
6	9
\.


--
-- Data for Name: short_url; Type: TABLE DATA; Schema: public; Owner: paw
--

COPY short_url (base, resol) FROM stdin;
\.


--
-- Data for Name: twat_user; Type: TABLE DATA; Schema: public; Owner: paw
--

COPY twat_user (id, name, username, password, surname, description, enabled, created_time, secret_question, secret_answer, photo) FROM stdin;
2	ignacio	ignaciocruz		cruz		t	2013-09-18 18:20:55.818			\N
3	test2	test2	test	test2	test2	t	2013-09-18 18:25:34.923	test2	test2	\N
4	Facundo	fmartinez	test	Martinez	asdf	t	2013-09-19 17:13:35.608	hola	chau	\\x
1	test	test	tset	test	test	t	2013-09-17 22:30:04.273	test	test	\\x89504e470d0a1a0a0000000d49484452000000a400000021080600000057c8002a0000000473424954080808087c086488000000097048597300000b1200000b1201d2dd7efc0000041174455874584d4c3a636f6d2e61646f62652e786d70003c3f787061636b657420626567696e3d22202020222069643d2257354d304d7043656869487a7265537a4e54637a6b633964223f3e0a3c783a786d706d65746120786d6c6e733a783d2261646f62653a6e733a6d6574612f2220783a786d70746b3d2241646f626520584d5020436f726520342e312d633033342034362e3237323937362c20536174204a616e20323720323030372032323a33373a33372020202020202020223e0a2020203c7264663a52444620786d6c6e733a7264663d22687474703a2f2f7777772e77332e6f72672f313939392f30322f32322d7264662d73796e7461782d6e7323223e0a2020202020203c7264663a4465736372697074696f6e207264663a61626f75743d22220a202020202020202020202020786d6c6e733a7861703d22687474703a2f2f6e732e61646f62652e636f6d2f7861702f312e302f223e0a2020202020202020203c7861703a43726561746f72546f6f6c3e41646f62652046697265776f726b73204353333c2f7861703a43726561746f72546f6f6c3e0a2020202020202020203c7861703a437265617465446174653e323031312d30372d30385431333a34363a33325a3c2f7861703a437265617465446174653e0a2020202020202020203c7861703a4d6f64696679446174653e323031312d30372d30385431393a32343a33375a3c2f7861703a4d6f64696679446174653e0a2020202020203c2f7264663a4465736372697074696f6e3e0a2020202020203c7264663a4465736372697074696f6e207264663a61626f75743d22220a202020202020202020202020786d6c6e733a64633d22687474703a2f2f7075726c2e6f72672f64632f656c656d656e74732f312e312f223e0a2020202020202020203c64633a666f726d61743e696d6167652f706e673c2f64633a666f726d61743e0a2020202020203c2f7264663a4465736372697074696f6e3e0a2020203c2f7264663a5244463e0a3c2f783a786d706d6574613e0a202020202020202020202020202020202020202020202020202020202020202020202020202020202020202020202020202020202020202020202020202020202020202020202020202020202020202020202020202020202020202020202020202020200a202020202020202020202020202020202020202020202020202020202020202020202020202020202020202020202020202020202020202020202020202020202020202020202020202020202020202020202020202020202020202020202020202020200a20202020202020202020202020202020202020202020202020202020202020202020202020202020202020202020202020202020202020202020202020202020202020202020202020202020202020202020202020202020202020ecd59f0c00000016744558744372656174696f6e2054696d650030372f30382f313170d2f0d60000001874455874536f6674776172650041646f62652046697265776f726b734fb31f4e000010bc49444154789ced9c797815f5b9c73f3367cd59b29393b05d20099bd90941c8020412b428106b2b7d94561111da5aabbdbdb77deabddec7f6ba54bad8a757452b2a88a0d220bd5a4d80abb24a09d5040d0909499000c9092139594eb63333f78f49869c9c93802d92d0e6fb3c93e7fc9699797f39df797fef76463877ee9c423fd4d7d7b3bba09092e2628e9794308a515c6dc4272490909848ce925c1c0e87d798d09f90af6ddec2db3b77d2ded676cd851cc53f1fac361b2bf2f2b8ebdbabb43e8d90bf7e7a03bb0b0b874db851fcf322273797877ffcaf00e801b66ed972cdc978f0d34f69951424405114444140414180debf5f1e0641e0f88103fce807dfbfaab28ee2abc5eec2421c910eee5cb50a7d7d7d3d3bf3775e73213c1e19232000b2a2802c83a220ea7428a856447f5af6d9154351555614ba15d9ef982008c4252410603653525c4c6767e75558c528ae1676e6ef64716e2ee2dbf9c363330aa8ea598faad9da2f5ee4fdfc1d1c2f3a8a5eb834d677e814c5a76fe06104747e186bb55a59ba6c19bf7ff1457ef0a31f61b7dbbffa058ee24ba1bdad8db7f377a22f292e1e564114d42dbbacac94a79f7a0a87c3c1238f3d46624a2ab270895d8220d0e56e4711044c01661405babb7b3018f4e874225d9ddd483d9df47475795d7ffc8409ac5ebb969ca5b720290a2d6dede8f5fa6bbcca515c094a8a8bd1579d3a35dc72a0280a676a6b0135ecf4e0faf5dcb76e1d4b57e4111c1686aca89aefcfbbdea6b4f40481c18104582cb4b6b41260094091155c4d4d787abac95cb050bb6e665616f77fff01264c894692150404c68d9fc0188783f3e7cf0fd772473108aa4e9d62c4a80ac9e3d13ecbb2ccc6679fe59363c7b8efbbdf25362e1eb7bb83d2d2526aaaab713537535757a7cdb7dbed4c9e32054110385d5d43685818b7ae58c13d6bd622180c288008aad324805ea7f32b43704808a09a132e970b59f66f8f8aa288c562c16432e1f17870b95c83ceb3d96c188d46dc6e376eb71b0093c984dd6e4792246445c16434d2d8d88824493ed730994cd86c363c1e0f7abd1e4996691942b6808000cc6633a228d2d6d646d7801d43afd71314148424cb288ae2f71afee06a6ebee2b97f0f460c214343c37cfafe72e408a76b6a78ecc92799346932b7dfb192c9b1b1b8dd6e766cdfc6f6d75e237bd122ee5e7b3f51e3c773aaec04f96fbcc9030f3dcce29bbf86a40028bd64548fa6a68b5cb870c1e75e53a74de3870f3f04a8442a2c28247fc70ebfb2464747f39dd5f730664c043dddddbcbc6913c78a8a7ce6392223f9d9238f603419a9acac64e3b3cfe172b9f8e6ca3bc8ccca4292242449c662b1f0d61b6ff0fe7bef7991243434941f3efc308ec8487ababb31188db4b7b7f1878d2f505a5aea733f411078f0a187983479128220e2acafe3d71b7e455353933667765a1a77af5e8d24799065f501bd127c6fddfa2b9bf8776244105210456e888f273a26865395955e63f5f5f5d49d39c3ac94142cf640640582cd66be7ec74aaa4e9ee4e6e5cb899a3001458129d367724bde0a22a3a2901495887d50005110686b6ea1cd8f1377d7aa55cc4b4fd7da0e87838f3ef880c6c6469fb9a1e1612ccec9c16c360310e188e0bed5f7fa684abbdd4e4656260063c78de3d54d2fe372b9484a4e266dce1cafb92d2d2e0e1d3ae4a589c68d1fcfb215cbbde64992c49f76edf24bc8a4e4646effe637bc6ce4fdfbf6535850a0b567de30933937cef13977a440bcfc946b03475414f1f1093efd36bb9d099326212be051a0adb585837bf7e06e6d213d23134181825dbb3853750a59069d5e4f437dfda0f7f9e4d8515a5b5abcfaac562b59f3b3bce5898c246d902faec3edf622ead469d3c8fbfad77de6757775d1dede0ec08586067a7a7a00687036f8cc8d8b8f2762cc18ad2d080213274ef49977b1b1918edead7f20f26ebb0d51bcf4952a8a42ce925cafbeca8a4aca4e9ce0784909c78a8e5174f4280d4ea736ded6d64649b13a56525c4c49710925c5d72e853c323424a0d71b98979549c1fbefd1d1d1a18d75b8dd54565692909888492f62080e62ecb87184878531273d1dbd5e87d564644a4c0ca02e282472ac8f7614808b4e27ffb7678f468c3e2cca594c605090575f404000f3172ca0e0bdf707b5d7fae33bf7dccdfe7dfb7c34bcdff5f66e93b22c23cb327abd9ef0f07022a3a2a8a8a8d0ee9f9492accd93240983c18030c81e1b1414447c42bc17f9044160765a1a3131319c3c7912808f0f1fe6546525922c23793cc88ac23df7aee6cebbee02544ff7d71b36d0e26a411cc4d6fe2a316234a402ccba712e8b7373bdfa254962fbd6ad545757b37df3abbcf6d24b14161470e8d02142221c9c3d778ebd7bf7b269e3469e7de6b74c888e26383cdcebc28aa26ed7db36bf424d75b5cfbd97af58812008b4b6b672e4e3239c3973064110484c4c64faf4e97ea4f52545484808f7ae5983c160b8344b1034020dfc0caa363a595e4e73ef363d7dc60c6dbb359a4ccc4e4b03e0dcb973d4d4d4f4bbbdeffd17e7e63076dc38002a2a2a38f2f1112449c26eb793b5608136afabab8bdada5ace9f3b87d3e9e4424303cd4d97cc04b7db4ded995a9c4e2775e7cf6bc7b5c28821a400e80d4656af5d4766afddd5078fa787e6e6663efae0035e7cfe39b6bdf61abbf2f331ea757c7cf010db5f7f9d4d2f6c644f4101adae16ef0c8f003a4160f79fdf61677ebe8fb69b3e630653a2a311048106a793c77ff1730e1f3a04a8dbf682ecec21e56e6b6bc3d31b21c85ebc88ec458bae78cd922451525ca23d24a9a9a904f56a6a87c3c1c48913e9eaeae26479b9df07a93fb2172dc2643201b0e3cdb7d8f6fa56645946144596dc7c13818181839e1b1010a07d36994c5eed6b8d114348504919ea70f0e39ffd27d98b176bfdc1c12104050521ea746aa84496f9aca484477ff2efecfff003e4de10464f4f0ff575979ee63e47a6e09d5dfceaa927e91e10020158b6623976bb1d4551385d739ad335a7293b5106a8def6bcf4793e2552aaac2aed4f969f64eb962db8dd6ecc6633f7af5fc7f8f1e3af68bd56ab95aaaa2acacbcae8e9e921257516a1a1a100c4c5c7218a221d6e379f1d3feee5290fc4acd4594c9d3a15501f9083fbf773bcb8849a9a1a0441606c54948f13e5b596fe09088441cd826b811145485049191416c6bf3df21facb97f1da22822cb327575f55eb6657777377b0a0be91fd8972489b6d65640cd6b7775b8d9f8bb67f8e5134fd0ded6ee73af909010929293d1e974b8dbdbf9f0c30f00f8fcb3cfa8eed54893274f66eebc7983caab280aaf6c7a99634545288ac2bf4c9ac43756ded12bc3d0b6a7d168e4424303e565e5747575613018888e89c1603068dbb5d3e9a4f8d3a1b3690bb3b309ef75883efde4535c2e178d8d8d1c397c18008bd5caadcb97a11b069bf0cb62c4111254529a6d76eeba770dbffccd33642d58487d5d9d8f773c101d6e37a74e9d4296650adf7d879f3ef4105b37bfea573382eaccf479b24ea793dd056ac553755515fb3efc104551b0da6ce42cc9d5b6c381b05a2d4892c4ab2fbf82abb9199d4ec7f2152b484a4ea6abb3cb6fb0bb3f747a1d1515155a282a2129119bcd467c821a71a8adada5bcac0cbbcd7ffe7ddcb871a4cc9a852008c8b2ccbbeffc2fadbd0fe5be8ff6d1dcdc8c2008cc9c3993e933660c29cb48c0882424a88209a2485a7a062befbe87b919e9980721451f0c0623f6c040f614becfe3fff528c78a8e0e9a8dd0e974cc4b4fc76ab5a2280a15272b70444612131bc384891371d63be9eeee0620263696a4e424ffd7d1eb311a8d141d3dcaae5dbb501485e0e060d6ac5d8bdd6ebf6ce14a7050305555559cad3d0b405c5c3c37c4dd40444404b22c73fefc79dc6e37f6416cc0f4cc4ca64e9b06a821a1c60b8d4c9a3489d8d858da5a5b35af3f243494a5b7de32a42c23012322ec3318544b464156405214b54c6d088c89184380c1c06f376cb8ecb5935352983e7d86e6fdce4d9f47da9c34e8d534a2286ab694c3e160514e0e473e3e3288a0eabc37b76d27232383e898185267a7f2bd071eb86c7ace66b7d1ded6c6175f9c2665560a53a2a7f0ad3bef44a7d3a91abfa21283c1805eefbbdd9a4c26d2e6a4699e796050108f3ff5a49a1a15042449c26ab5026aca30333393e7ffe7595a2eb3d30c2746ac86ec0f013099cc182fa321cd6633569bed8af2ae59f3e7131915a9b5ed763bc12121040707131a1a4a70703046a3511b4f4e4961829f40757f9c3d7b96179edf88c7e3c16c36b3207b218ec8c821cfe90b13d59e39434f4f0f369b8df48c0c4451a4a9b9994ffefa578c462382e0fb55a5ce9e4d6a6aaad6361a8d8487876beb080b0bd3b2490061e1e17ced96a543ff638619235a43f687d566e786b8384e96950daa752c160b7a93d9ef587f040507332b759616442e3a7a94eaea6a74bd6d4581cece0e42424299bf700156ab95d8d858162c5cc09657370fa9f5f6eed9c3c2ddd9dc74f3cd005e816a7fe8d3c2a59f97d2e27269ce0940d3c58b545757131616e6157a9425d5594a4a4ed20a421a9c4e0e1c38404f77b7a63165598d3cdc386f2e93274fc662b1b0307b11db5fdf76d9ffd170e1ba21a4ac40e6fcf9bcffeebb5ad54c7f88a248c6c26c2c61e17ecef646d6fcf944f766766459e689ff7edc6f86c56c36f398fe17e4deb404803937ce65cbab9be9ece8d0aada258f07a55f6cd3e3f1f0d20b2f92919989cd66bb247f6f5606c0d3cfd1917ac9f5f9679f515f5faf115292246acfd46af314f9d243d0dede8ed96cf6cabd6fdfb68d4d7f78c9efc3b2382787a7363c8d4ea723766a2c098989f4af8395a47e9556ca97ab02badab86eb66c1485f8e414a6f9cd9ca8219c254b97227b7afc8ef7c16ab592bb2457dbca8e151531584d686767277bf7ecd1da49c949cc4e4b4392656dabb50706fa84532a2a2a78e5a54d5e7d010101e87a3597bd1f512d160ba228d2d2d2e2559c210802a5a59fab9f451173802aafac2874767632377d1e37c4c5a97db2cca183070725d2e1c387b572bdd0d050eef8d64aaf715b3f0fde64325f56ab7f95b82e0809aadf60349959b36ebddf785adeedb763b707d2de34b4fd989098c89c1b6fd4da3bf3f3870c04977efeb99607b6d96c646465623699e870ab31519d4ee7f7fc3feed8c189d2135a5beefd211ba804eb83280ada7acacbca35cfdee5725174f4a83aa91fd1da5a5bb1dbeda4a767687d870e1ce4fcf94bf5a103d1d3ddcddedd971eacc4a424afe0fd40f18753435e375b36a899978459a9acbe6f2d2f3eff9cd69f9e91c9ca6f7f0705b434de60686870f2cc6f7e0b8a428fc7c3be0f3f1ab278e2ecd9b33cf5f813cc9839038bc5c2f192e3d4d5d5f1fbdffd8ea8b151d4d7d56bb9e8fe686a6ae2673ffd296973d2d0893ace9e3bab69c01d6fbe456545258a2cf397bf1cd164fee35b6f515d5d85d91c408bcb4579593900adadadbcfcd226e2e2e3a838594143839343070f525d5d8dd168e0e0fe03340f91c9e9eeee66cbe6cd9cf9e20bad5858d7cf6bffd3ae3f71bae634f6403b274a4ff82dcfbb5610f2962d5786e3670cfb8afefa379d2703b2d4c3c6679ee18dd75f2775761a3f79f451c644460170f8e07e7ef2e0835751d27f4c088230ac9ad01fa64447a34f484c1cd4861a8910017406ee5dbf9e98a953894f4e21222a4aadea8161cdc35e4f18696404d59c12f36ecbc3dacfc8be1e2002e6002b37ddb28cb1e3c66b3fda565f32308aeb11569b8dbcdbf210231c0ef26ecbbbe602280278e8dd82ffc6431ad0f60830f4ab0446315291775b1e110e87ead4dcb96a15f575f5d7f4752a01061d5d92c2d5ac3f511405d705df9f078c6264232737973b57a92f9cf27afbd9d62d5bd8394c6fb218c53f1ffab6e93e32c200420238eb554da9feb86778df6a318a7f4c242426929098404e6e2e11038a9fff1fcae6c22d55d8cf4d0000000049454e44ae426082
\.


--
-- Name: twat_user_id_seq; Type: SEQUENCE SET; Schema: public; Owner: paw
--

SELECT pg_catalog.setval('twat_user_id_seq', 4, true);


--
-- Data for Name: tweet; Type: TABLE DATA; Schema: public; Owner: paw
--

COPY tweet (id, user_id, message, created_time, deleted) FROM stdin;
3	3	test2 #test	2013-09-18 18:25:48.577	f
1	1	test #test	2013-09-17 22:30:12.886	f
2	1	test2 #test	2013-09-18 18:17:34.597	t
6	1	hola #hola	2013-09-18 19:57:59.774	f
7	4	hola! #test	2013-09-19 17:15:02.326	f
8	1	changos! #changos!	2013-09-19 18:03:50.97	f
9	1	hola Mati #test #hola #mati	2013-09-19 18:04:37.967	f
\.


--
-- Name: tweet_id_seq; Type: SEQUENCE SET; Schema: public; Owner: paw
--

SELECT pg_catalog.setval('tweet_id_seq', 9, true);


--
-- Name: hashtag_pkey; Type: CONSTRAINT; Schema: public; Owner: paw; Tablespace: 
--

ALTER TABLE ONLY hashtag
    ADD CONSTRAINT hashtag_pkey PRIMARY KEY (id);


--
-- Name: pk_ht_t; Type: CONSTRAINT; Schema: public; Owner: paw; Tablespace: 
--

ALTER TABLE ONLY hashtag_tweet
    ADD CONSTRAINT pk_ht_t PRIMARY KEY (hashtag_id, tweet_id);


--
-- Name: short_url_pkey; Type: CONSTRAINT; Schema: public; Owner: paw; Tablespace: 
--

ALTER TABLE ONLY short_url
    ADD CONSTRAINT short_url_pkey PRIMARY KEY (base);


--
-- Name: twat_user_pkey; Type: CONSTRAINT; Schema: public; Owner: paw; Tablespace: 
--

ALTER TABLE ONLY twat_user
    ADD CONSTRAINT twat_user_pkey PRIMARY KEY (id);


--
-- Name: twat_user_username_key; Type: CONSTRAINT; Schema: public; Owner: paw; Tablespace: 
--

ALTER TABLE ONLY twat_user
    ADD CONSTRAINT twat_user_username_key UNIQUE (username);


--
-- Name: tweet_pkey; Type: CONSTRAINT; Schema: public; Owner: paw; Tablespace: 
--

ALTER TABLE ONLY tweet
    ADD CONSTRAINT tweet_pkey PRIMARY KEY (id);


--
-- Name: fk_ht_t; Type: FK CONSTRAINT; Schema: public; Owner: paw
--

ALTER TABLE ONLY hashtag_tweet
    ADD CONSTRAINT fk_ht_t FOREIGN KEY (hashtag_id) REFERENCES hashtag(id);


--
-- Name: fk_ht_t2; Type: FK CONSTRAINT; Schema: public; Owner: paw
--

ALTER TABLE ONLY hashtag_tweet
    ADD CONSTRAINT fk_ht_t2 FOREIGN KEY (tweet_id) REFERENCES tweet(id);


--
-- Name: fk_tweet; Type: FK CONSTRAINT; Schema: public; Owner: paw
--

ALTER TABLE ONLY hashtag
    ADD CONSTRAINT fk_tweet FOREIGN KEY (first_tweet) REFERENCES tweet(id);


--
-- Name: fk_usr; Type: FK CONSTRAINT; Schema: public; Owner: paw
--

ALTER TABLE ONLY tweet
    ADD CONSTRAINT fk_usr FOREIGN KEY (user_id) REFERENCES twat_user(id);


--
-- Name: public; Type: ACL; Schema: -; Owner: paw
--

REVOKE ALL ON SCHEMA public FROM PUBLIC;
REVOKE ALL ON SCHEMA public FROM paw;
GRANT ALL ON SCHEMA public TO paw;
GRANT ALL ON SCHEMA public TO PUBLIC;


--
-- PostgreSQL database dump complete
--

